{
 
	"spaceship": { 
		"vertices": [0.8164966,-0.06666667,-0.4714045,-0.8164966,-0.06666667,-0.4714045,0,-0.06666667,0.942809,0,0.4982898,-0.1693997,0,-0.06666667,-0.3129838,-0.260054,-0.06666667,0.2357023,0.260054,-0.06666667,0.2357023,0.1690147,0.06666667,-0.2357022,-0.1690147,0.06666667,-0.2357022,0,0.06666667,0.4596341,0,-0.06666667,-0.3129838,-0.8164966,-0.06666667,-0.4714045,-0.260054,-0.06666667,0.2357023,-0.8164966,-0.06666667,-0.4714045,-0.1690147,0.06666667,-0.2357022,0,-0.06666667,0.942809,0,0.06666667,0.4596341,0.1690147,0.06666667,-0.2357022,0.8164966,-0.06666667,-0.4714045,0.8164966,-0.06666667,-0.4714045,0.1690147,0.06666667,-0.2357022,0.1690147,0.06666667,-0.2357022,-0.1690147,0.06666667,-0.2357022,0,-0.06666667,-0.3129838,0,-0.06666667,-0.3129838,-0.1690147,0.06666667,-0.2357022,-0.1690147,0.06666667,-0.2357022,0,0.4982898,-0.1693997,-0.1690147,0.06666667,-0.2357022,0,0.06666667,0.4596341,-0.260054,-0.06666667,0.2357023,0,-0.06666667,0.942809,-0.260054,-0.06666667,0.2357023,0,0.06666667,0.4596341,0.260054,-0.06666667,0.2357023,0,0.06666667,0.4596341,0,0.4982898,-0.1693997,0,0.06666667,0.4596341,0.1690147,0.06666667,-0.2357022,0.260054,-0.06666667,0.2357023,0.260054,-0.06666667,0.2357023,0.1690147,0.06666667,-0.2357022],	 
		"normals": [0,-1,0,0,-1,0,0,-1,0,0,0.1518312,-0.9884065,0,-1,0,0,-1,0,0,-1,0,-0.1479773,0.6296308,-0.7626715,0,0.1518312,-0.9884065,-0.9187974,0.3254758,0.2233312,-0.1479773,0.6296308,-0.7626715,0.1479773,0.6296309,-0.7626714,-0.2709089,0.9387013,0.213186,-0.2709089,0.9387013,0.213186,-0.2709089,0.9387013,0.213186,0.5860652,0.7810704,0.2155383,0.5860652,0.7810704,0.2155383,0.9187974,0.3254758,0.2233312,0.2709089,0.9387013,0.2131859,-0.1479773,0.6296308,-0.7626715,0,0.1518312,-0.9884065,0,0.5014667,-0.8651769,0,0.5014667,-0.8651769,0,0.5014667,-0.8651769,0.1479773,0.6296309,-0.7626714,0.1479773,0.6296309,-0.7626714,-0.9187974,0.3254758,0.2233312,-0.9187974,0.3254758,0.2233312,-0.5393692,0.8318008,0.131104,-0.5393692,0.8318008,0.131104,-0.5393692,0.8318008,0.131104,-0.5860652,0.7810704,0.2155383,-0.5860652,0.7810704,0.2155383,-0.5860652,0.7810704,0.2155383,0.5860652,0.7810704,0.2155383,0.9187974,0.3254758,0.2233312,0.9187974,0.3254758,0.2233312,0.5393692,0.8318008,0.131104,0.5393692,0.8318008,0.131104,0.5393692,0.8318008,0.131104,0.2709089,0.9387013,0.2131859,0.2709089,0.9387013,0.2131859],
		"colors": [],
		"uv1": [0,0,0.5,1,1,0,0.5,1,0.25,0.5,0.75,0.5,0.5,0,0.25,0.5,0.75,0.5,0.75,0.5,0.5,0,1,0,0.5,0,0,0,0.25,0.5,0,0,0.25,0.5,0.75,0.5,1,0,0,0,0.25,0.5,0.25,0.5,0.75,0.5,0.5,0,0.5,0,0.75,0.5,0.25,0.5,0.5,1,0.25,0.5,0.75,0.5,0.5,0,1,0,0.5,0,0.75,0.5,0.5,0,0.25,0.5,0.5,1,0.25,0.5,0.75,0.5,0.5,0,0.5,0,0.75,0.5],
		"uv2": [],
		"tris": [6,0,4,5,4,1,4,5,6,2,6,5,10,19,7,8,20,3,21,22,23,11,24,25,12,13,14,9,26,27,28,29,30,31,32,33,34,15,16,17,35,36,37,38,39,18,40,41]
	},
 
	"rock": { 
		"vertices": [0,0.5,-0.809017,0,-0.5,-0.809017,-0.809017,0,-0.5,-0.809017,0,0.5,0,0.5,0.809017,0,-0.5,0.809017,0.809017,0,0.5,0.809017,0,-0.5,-0.5,0.809017,0,0.5,0.809017,0,0.5,-0.809017,0,-0.5,-0.809017,0,-0.5,0.809017,0,-0.809017,0,-0.5,-0.809017,0,0.5,0,0.5,0.809017,0.5,0.809017,0,0,0.5,0.809017,0.809017,0,0.5,0,0.5,-0.809017,-0.809017,0,-0.5,-0.5,-0.809017,0,-0.5,-0.809017,0,-0.809017,0,0.5,0,-0.5,0.809017,0.5,-0.809017,0,0.809017,0,0.5,0.809017,0,-0.5,0.809017,0,-0.5,0,-0.5,-0.809017,0,-0.5,-0.809017,0,-0.5,0.809017,0,0.5,-0.809017,-0.5,0.809017,0,-0.5,0.809017,0,-0.5,0.809017,0,0.5,0.809017,0,0.5,0.809017,0,0.809017,0,-0.5,0.5,0.809017,0,0,-0.5,-0.809017,-0.809017,0,-0.5,-0.809017,0,0.5,-0.5,-0.809017,0,-0.5,-0.809017,0,0.5,-0.809017,0,0,-0.5,0.809017,0.5,-0.809017,0,0.809017,0,0.5,0.5,-0.809017,0,0,0.5,-0.809017,0.809017,0,-0.5,0,0.5,-0.809017,-0.809017,0,-0.5,0,-0.5,-0.809017,-0.809017,0,0.5,0,0.5,0.809017,0,-0.5,0.809017,0,0.5,0.809017,0.809017,0,0.5],	 
		"normals": [0,0.9341723,-0.3568221,0,-0.9341723,-0.3568221,-0.5773503,0.5773503,-0.5773503,-0.9341723,0.3568221,0,-0.5773503,0.5773503,0.5773503,-0.5773503,-0.5773503,0.5773503,0.5773503,0.5773503,0.5773503,0.9341723,0.3568221,0,0,0.9341723,-0.3568221,0,0.9341723,-0.3568221,0,-0.9341723,-0.3568221,0,-0.9341723,-0.3568221,-0.5773503,0.5773503,-0.5773503,-0.9341723,0.3568221,0,-0.5773503,0.5773503,0.5773503,0,0.9341723,0.3568221,0,0.9341723,0.3568221,0.5773503,0.5773503,0.5773503,0.9341723,0.3568221,0,0.5773503,0.5773503,-0.5773503,-0.5773503,-0.5773503,-0.5773503,-0.5773503,-0.5773503,-0.5773503,-0.9341723,-0.3568221,0,-0.5773503,-0.5773503,0.5773503,0,-0.9341723,0.3568221,0.5773503,-0.5773503,0.5773503,0.5773503,-0.5773503,0.5773503,0.9341723,-0.3568221,0,0.5773503,-0.5773503,-0.5773503,0.5773503,-0.5773503,-0.5773503,0.3568221,0,-0.9341723,0.3568221,0,0.9341723,-0.5773503,0.5773503,-0.5773503,-0.9341723,0.3568221,0,-0.5773503,0.5773503,0.5773503,0,0.9341723,0.3568221,0.5773503,0.5773503,0.5773503,0.9341723,0.3568221,0,0.5773503,0.5773503,-0.5773503,0.5773503,0.5773503,-0.5773503,-0.5773503,-0.5773503,-0.5773503,-0.9341723,-0.3568221,0,-0.9341723,-0.3568221,0,-0.5773503,-0.5773503,0.5773503,0,-0.9341723,0.3568221,0,-0.9341723,0.3568221,0.5773503,-0.5773503,0.5773503,0.9341723,-0.3568221,0,0.9341723,-0.3568221,0,0.5773503,-0.5773503,-0.5773503,0.3568221,0,-0.9341723,0.3568221,0,-0.9341723,-0.3568221,0,-0.9341723,-0.3568221,0,-0.9341723,-0.3568221,0,-0.9341723,-0.3568221,0,0.9341723,-0.3568221,0,0.9341723,-0.3568221,0,0.9341723,0.3568221,0,0.9341723,0.3568221,0,0.9341723],
		"colors": [],
		"uv1": [0.5,0,0.5,0,1,1,1,1,1,1,1,1,0.5,0,0.5,0,1,1,0,1,1,1,0,1,0,1,0.5,0,0.5,0,0.5,0,1,1,0,1,0,1,1,1,0,1,1,1,0.5,0,0,1,0,1,0.5,0,1,1,1,1,0,1,1,1,0,1,0.5,0,0.5,0,0,1,0,1,0,1,1,1,1,1,0.5,0,0,1,0.5,0,0,1,1,1,0.5,0,0.5,0,1,1,0,1,0.5,0,0,1,0.5,0,0.5,0,1,1,0.5,0,0,1,1,1,0.5,0,0,1,1,1,0,1,1,1],
		"uv2": [],
		"tris": [0,9,8,32,12,2,13,33,3,14,34,4,15,35,16,6,17,36,7,18,37,38,39,19,1,11,10,40,20,21,22,41,42,43,23,5,44,24,45,25,46,26,47,48,27,49,28,29,50,30,51,52,53,54,55,56,57,31,58,59]
	},
 
	"cargo": { 
		"vertices": [0.5,0,0,0,0,-0.5,-0.5,0,0,0,0,0.5,0,0.5,0,0,-0.5,0,0,0,-0.5,-0.5,0,0,0,0,0.5,0.5,0,0,0,0,-0.5,0.5,0,0,-0.5,0,0,0,0,-0.5,0,0,0.5,-0.5,0,0,0.5,0,0,0,0,0.5,0,0.5,0,0,0.5,0,0,0.5,0,0,-0.5,0,0,-0.5,0,0,-0.5,0],	 
		"normals": [0.5773503,0.5773503,-0.5773503,0.5773503,0.5773503,-0.5773503,-0.5773503,0.5773503,-0.5773503,-0.5773503,0.5773503,0.5773503,0.5773503,0.5773503,-0.5773503,0.5773503,-0.5773503,-0.5773503,-0.5773503,0.5773503,-0.5773503,-0.5773503,0.5773503,0.5773503,0.5773503,0.5773503,0.5773503,0.5773503,0.5773503,0.5773503,0.5773503,-0.5773503,-0.5773503,0.5773503,-0.5773503,-0.5773503,-0.5773503,-0.5773503,-0.5773503,-0.5773503,-0.5773503,-0.5773503,-0.5773503,-0.5773503,0.5773503,-0.5773503,-0.5773503,0.5773503,0.5773503,-0.5773503,0.5773503,0.5773503,-0.5773503,0.5773503,-0.5773503,0.5773503,-0.5773503,-0.5773503,0.5773503,0.5773503,0.5773503,0.5773503,0.5773503,-0.5773503,-0.5773503,-0.5773503,-0.5773503,-0.5773503,0.5773503,0.5773503,-0.5773503,0.5773503],
		"colors": [],
		"uv1": [0,0,1,0,1,0,1,0,0.5,1,0.5,0,0,0,0,0,0,0,1,0,1,1,0,1,1,1,0,1,1,1,0,1,1,1,0,1,0.5,1,0.5,1,0.5,1,0.5,0,0.5,0,0.5,0],
		"uv2": [],
		"tris": [0,4,1,6,18,2,7,19,3,8,20,9,10,5,11,12,21,13,14,22,15,16,23,17]
	},